{"split_1": 0.17251163042095122, "split_2": 0.11263591322401438, "split_3": 0.10272822452326771, "split_4": 0.15201865440520035, "split_5": 0.08073106153873741, "split_6": 0.13623264066236007, "split_7": 0.11791478779438172, "split_8": 0.09071625940234063, "split_9": 0.12319796943717118, "split_10": 0.13199090602215738, "split_11": 0.13414120600983062, "split_12": 0.15620086706491587, "split_13": 0.11319427098099177, "split_14": 0.11899186676888332, "split_15": 0.10234321497383178, "split_16": 0.1264393553002324, "split_17": 0.07865806161944108, "split_18": 0.10199213098969225, "split_19": 0.04513551365600242, "split_20": 0.15421519183032664, "split_21": 0.08816311114481785, "split_22": 0.06953508792709591, "split_23": 0.1340346113673946, "split_24": 0.11941127959971966, "split_25": 0.13337983820155253, "split_26": 0.1123623594346703, "split_27": 0.1174969538267469, "split_28": 0.1501380144994543, "split_29": 0.14168866339672573, "split_30": 0.09181871393223395, "split_31": 0.13169248514341805, "split_32": 0.15545230825351652, "split_33": 0.13013987130073523, "split_34": 0.16357170956767994, "split_35": 0.09374535647823136, "split_36": 0.10078189572163813, "split_37": 0.1652182383743688, "split_38": 0.08072157690820324, "split_39": 0.09165187190106665, "split_40": 0.11670556036170626, "split_41": 0.126174604552764, "split_42": 0.11857504187267606, "split_43": 0.0920278236664497, "split_44": 0.11271192390818922, "split_45": 0.05853135282547572, "split_46": 0.09948424085552351, "split_47": 0.0917071291524944, "split_48": 0.07321707671615396, "split_49": 0.10895208998281057, "split_50": 0.06609708741482918, "split_51": 0.10845200907317659, "split_52": 0.12698237398825968, "split_53": 0.07285303331494776, "split_54": 0.12612757377468148, "split_55": 0.09481855033972471, "split_56": 0.09539736005532298, "split_57": 0.10382777138506406, "split_58": 0.07766335229849679, "split_59": 0.08037557937558365, "split_60": 0.08870918848546289, "split_61": 0.10248264506165644, "split_62": 0.09599624209644124, "split_63": 0.1191898331493521, "split_64": 0.05244064353289482, "split_65": 0.08136187448241358, "split_66": 0.09336129063728776, "split_67": 0.10969232094524434, "split_68": 0.05602103027597825, "split_69": 0.11067286518183676, "split_70": 0.07312351478452075, "split_71": 0.09050243176925322, "split_72": 0.05968113454974636, "split_73": 0.07913483751426706, "split_74": 0.15583868049117716, "split_75": 0.051144959871048556, "split_76": 0.07301285005040216, "split_77": 0.08539736407322653, "split_78": 0.10501382804078489, "split_79": 0.072460381062075, "split_80": 0.08124719358975332, "split_81": 0.0640274737507908, "split_82": 0.06715361797056489, "split_83": 0.07931499753478019, "split_84": 0.09609005326998422, "split_85": 0.14241515085581283, "split_86": 0.08172832488114823, "split_87": 0.08084154368256397, "split_88": 0.05687032732988483, "split_89": 0.08016119505357497, "split_90": 0.03943349354349724, "split_91": 0.09117769648207003, "split_92": 0.09882131188422381, "split_93": 0.08646461575571579, "split_94": 0.15779853451120518, "split_95": 0.05054986591544645, "split_96": 0.0919448426682823, "split_97": 0.05655055301051073, "split_98": 0.06902009843860675, "split_99": 0.08701747989070004, "split_100": 0.1251412487684097}