{"split_1": 0.043074669423658986, "split_2": 0.02530983831531316, "split_3": 0.0933021838931205, "split_4": 0.045376606622575894, "split_5": 0.05023555251378407, "split_6": 0.10918969605135805, "split_7": 0.08025334106725371, "split_8": 0.11876426674916722, "split_9": 0.0739987920826526, "split_10": 0.041525002951484216, "split_11": 0.061112824866206464, "split_12": 0.0960550120413271, "split_13": 0.09426430478307041, "split_14": 0.03836018843705811, "split_15": 0.10318960062889955, "split_16": 0.04593587048855484, "split_17": 0.07238843570983802, "split_18": 0.0946321143883598, "split_19": 0.12031108295679922, "split_20": 0.06372842816055815, "split_21": 0.0933360042084352, "split_22": 0.06709627962137246, "split_23": 0.13085634160924223, "split_24": 0.05099093212301732, "split_25": 0.08003561779406058, "split_26": 0.08007634017076351, "split_27": 0.0449294113813439, "split_28": 0.08392314590517642, "split_29": 0.06869350638845126, "split_30": 0.061771793663314145, "split_31": 0.08632725034497611, "split_32": 0.11299809979775309, "split_33": 0.14949809883030857, "split_34": 0.143505826066153, "split_35": 0.09985905296774739, "split_36": 0.05659435812248948, "split_37": 0.08164736990782183, "split_38": 0.08956938418010807, "split_39": 0.10141224766904403, "split_40": 0.1004549323421099, "split_41": 0.08721987466328325, "split_42": 0.13659508713152765, "split_43": 0.10119395695273722, "split_44": 0.12044534259133441, "split_45": 0.060426385325070525, "split_46": 0.1347882865530932, "split_47": 0.07882101766417325, "split_48": 0.10247348228419181, "split_49": 0.06747905420540551, "split_50": 0.10307409330837697, "split_51": 0.07451182832447646, "split_52": 0.1447484442848891, "split_53": 0.14406487146988572, "split_54": 0.1295121578110651, "split_55": 0.11241764936002496, "split_56": 0.1385370415302143, "split_57": 0.08936648437960608, "split_58": 0.14184159147961148, "split_59": 0.09447359441784384, "split_60": 0.118846432695934, "split_61": 0.09412282780377394, "split_62": 0.08680074872697567, "split_63": 0.0916412957355827, "split_64": 0.10689360197216402, "split_65": 0.09449369157570664, "split_66": 0.10738847284869545, "split_67": 0.08042396143404461, "split_68": 0.1218210832319621, "split_69": 0.1714335012182611, "split_70": 0.13215573644375425, "split_71": 0.12378439493334793, "split_72": 0.09736327539791584, "split_73": 0.11917424334085083, "split_74": 0.13808944730235873, "split_75": 0.1494652699101844, "split_76": 0.15085402052116337, "split_77": 0.10780256819918878, "split_78": 0.14939808314771053, "split_79": 0.10728692986507472, "split_80": 0.1134801351485534, "split_81": 0.08493648832727275, "split_82": 0.09662220012479363, "split_83": 0.09799609988286705, "split_84": 0.17408235790215196, "split_85": 0.11308645175989983, "split_86": 0.1195874819871368, "split_87": 0.08656016737494653, "split_88": 0.13221416565507185, "split_89": 0.0970468641454935, "split_90": 0.11139092954075788, "split_91": 0.08451872529497179, "split_92": 0.14125761884632654, "split_93": 0.0895196946626242, "split_94": 0.11803038447391569, "split_95": 0.1667305638891622, "split_96": 0.09191784712918878, "split_97": 0.16234283581022563, "split_98": 0.13369650968038654, "split_99": 0.10703138368013848, "split_100": 0.11575342732971122}å