{"split_1": 0.06638088976372634, "split_2": 0.040713840807780226, "split_3": 0.1082951489298139, "split_4": 0.04533544475964833, "split_5": 0.06628785800144829, "split_6": 0.11708743542273578, "split_7": 0.08119668964088315, "split_8": 0.12083589154459291, "split_9": 0.08098671219804959, "split_10": 0.0432948927634428, "split_11": 0.05986047764309791, "split_12": 0.0873377060924381, "split_13": 0.08995103376624022, "split_14": 0.04276907602039755, "split_15": 0.10663783536132602, "split_16": 0.0579374291435645, "split_17": 0.1048235357051381, "split_18": 0.09610918893766404, "split_19": 0.13161769196112308, "split_20": 0.08338027161169817, "split_21": 0.09651794308961346, "split_22": 0.07893635498410431, "split_23": 0.14198145367502518, "split_24": 0.06883044843059168, "split_25": 0.07640905082807349, "split_26": 0.080161195053575, "split_27": 0.05424484201903908, "split_28": 0.0988230902272259, "split_29": 0.07087281513656987, "split_30": 0.0844584815212199, "split_31": 0.10048188554267067, "split_32": 0.1119218334899857, "split_33": 0.15571395025037935, "split_34": 0.14561043425371425, "split_35": 0.10941785396163611, "split_36": 0.0727017609231772, "split_37": 0.11227790407430832, "split_38": 0.10688790361836092, "split_39": 0.12848126783799052, "split_40": 0.10402928900283226, "split_41": 0.09970303670156168, "split_42": 0.14047182786005766, "split_43": 0.10862343690255333, "split_44": 0.13943163485419127, "split_45": 0.07622729342745879, "split_46": 0.12984830113946513, "split_47": 0.08312209436211344, "split_48": 0.11815045459863564, "split_49": 0.1018590022310655, "split_50": 0.10773668821863586, "split_51": 0.08254111194233656, "split_52": 0.15101066697153007, "split_53": 0.15096248470689805, "split_54": 0.13032740854119076, "split_55": 0.10187825099053661, "split_56": 0.13771437819714535, "split_57": 0.10060856117046219, "split_58": 0.1460633221736602, "split_59": 0.11247225315732798, "split_60": 0.1359077820454798, "split_61": 0.09755682597186241, "split_62": 0.09453989843774893, "split_63": 0.10553851260866237, "split_64": 0.10399956224845175, "split_65": 0.10841458280318567, "split_66": 0.11167356148463979, "split_67": 0.09216703911568373, "split_68": 0.1264793135657014, "split_69": 0.16681895203947364, "split_70": 0.1323805808397579, "split_71": 0.12286082170327867, "split_72": 0.10251052420281805, "split_73": 0.12611464745634407, "split_74": 0.13817521278633815, "split_75": 0.14449502997497418, "split_76": 0.1563746563201378, "split_77": 0.10836377527540549, "split_78": 0.14923256363630438, "split_79": 0.11878388997567384, "split_80": 0.13229852514751061, "split_81": 0.09410917309448424, "split_82": 0.10066578742755979, "split_83": 0.13428329739711606, "split_84": 0.17360200906849568, "split_85": 0.11402675131040005, "split_86": 0.13290250000700218, "split_87": 0.11321160529537368, "split_88": 0.13544879330741919, "split_89": 0.09102288061402031, "split_90": 0.11722231512087336, "split_91": 0.08286952346065887, "split_92": 0.13904288337193682, "split_93": 0.10972413134173588, "split_94": 0.13623954165075894, "split_95": 0.16717850456448838, "split_96": 0.1131695328312782, "split_97": 0.1665723803002135, "split_98": 0.13099234061393145, "split_99": 0.11521830930970262, "split_100": 0.12446925225131439}