{"1": 0.17466616435476165, "2": 0.11816634962440872, "3": 0.11994120369510594, "4": 0.15651250896344615, "5": 0.08668692661627794, "6": 0.13808794477133146, "7": 0.1300674959721268, "8": 0.09705799844674803, "9": 0.12501984694060758, "10": 0.13390734151574452, "11": 0.12923522510676141, "12": 0.1671489511959609, "13": 0.12026504677807164, "14": 0.1386748278830431, "15": 0.14778038819841385, "16": 0.14074725803333407, "17": 0.0872318642127087, "18": 0.0994263057372198, "19": 0.05596235039520048, "20": 0.15858948261871478, "21": 0.09203897304895982, "22": 0.08397589901435436, "23": 0.13251174382339784, "24": 0.14458223079727325, "25": 0.12952410731381145, "26": 0.12220885905231563, "27": 0.1322966183743998, "28": 0.1501380144994543, "29": 0.14986022056190482, "30": 0.10191046774330417, "31": 0.1368754399075519, "32": 0.15608024113606095, "33": 0.1319546127675028, "34": 0.15503895674524507, "35": 0.10722556130961328, "36": 0.1169027608242057, "37": 0.16415796897275245, "38": 0.11274355049223515, "39": 0.09208666270909478, "40": 0.1382572064788743, "41": 0.1305268280302923, "42": 0.12163502934005312, "43": 0.09535579678305847, "44": 0.10795972626409985, "45": 0.07568734564232317, "46": 0.12846781902512025, "47": 0.09744125508776054, "48": 0.08620465649671917, "49": 0.11619206938511777, "50": 0.08110542004000737, "51": 0.1158578692669555, "52": 0.12685427614475592, "53": 0.07518683334107387, "54": 0.12910278667456204, "55": 0.09247190115105143, "56": 0.09322404169443535, "57": 0.10713341061055216, "58": 0.08920482832527019, "59": 0.08411952384205172, "60": 0.08908416969488402, "61": 0.1116340722200466, "62": 0.10433555643702438, "63": 0.1130351873632279, "64": 0.06034009665936792, "65": 0.08565454303351563, "66": 0.09990035035158851, "67": 0.1204406123959964, "68": 0.07204526439293907, "69": 0.1138103065527103, "70": 0.08381955563352841, "71": 0.09425562406583587, "72": 0.07446017944315071, "73": 0.09326104873412377, "74": 0.1582216941354964, "75": 0.06509489027681364, "76": 0.07276342449973637, "77": 0.0993906220893904, "78": 0.11197306864800254, "79": 0.07485538425581972, "80": 0.09413982528564532, "81": 0.08186740494214358, "82": 0.07383433350689314, "83": 0.08051145201997711, "84": 0.11921237172516247, "85": 0.142200524053014, "86": 0.08742985210611684, "87": 0.09410241937359345, "88": 0.06355933406010207, "89": 0.10006573488984474, "90": 0.05332519334799385, "91": 0.08927546770576317, "92": 0.10108714346863391, "93": 0.12383582428103485, "94": 0.15647395504133094, "95": 0.05058706995288475, "96": 0.09331609508637655, "97": 0.06230405530271344, "98": 0.07742335493975454, "99": 0.09561357960450301, "100": 0.125223304460657}